[
      {
        "username":"张三0",
        "phoneNumber":"186-1534-1664"
      },{
        "username":"张三1",
        "phoneNumber":"186-1534-1664"
      },{
      "username":"张三2",
      "phoneNumber":"186-1534-1664"
      },{
      "username":"张三3",
      "phoneNumber":"186-1534-1664"
      },{
        "username":"张三4",
        "phoneNumber":"186-1534-1664"
      },{
        "username":"张三5",
        "phoneNumber":"186-1534-1664"
      },{
        "username":"张三6",
        "phoneNumber":"186-1534-1664"
      },{
        "username":"张三7",
        "phoneNumber":"186-1534-1664"
      },{
        "username":"张三8",
        "phoneNumber":"186-1534-1664"
      },{
        "username":"张三9",
        "phoneNumber":"186-1534-1664"
      },{
        "username":"张三10",
        "phoneNumber":"186-1534-1664"
      },{
        "username":"张三11",
        "phoneNumber":"186-1534-1664"
      },{
        "username":"张三12",
        "phoneNumber":"186-1534-1664"
      },{
        "username":"张三13",
        "phoneNumber":"186-1534-1664"
      },{
        "username":"张三14",
        "phoneNumber":"186-1534-1664"
      },{
        "username":"张三15",
        "phoneNumber":"186-1534-1664"
      },{
        "username":"张三16",
        "phoneNumber":"186-1534-1664"
      },{
        "username":"张三17",
        "phoneNumber":"186-1534-1664"
      },{
        "username":"张三18",
        "phoneNumber":"186-1534-1664"
      },{
        "username":"张三19",
        "phoneNumber":"186-1534-1664"
      },{
        "username":"张三20",
        "phoneNumber":"186-1534-1664"
      },{
        "username":"张三21",
        "phoneNumber":"186-1534-1664"
      },{
        "username":"张三22",
        "phoneNumber":"186-1534-1664"
      },{
        "username":"张三23",
        "phoneNumber":"186-1534-1664"
      },{
        "username":"张三24",
        "phoneNumber":"186-1534-1664"
      },{
        "username":"张三25",
        "phoneNumber":"186-1534-1664"
}
    ]

