[
      {
        "list_num":"第三条",
        "total_weight_num":"20000KG",
        "delivery_num":"400头",
        "delivery_univalent_num":"¥18.86元/KG",
        "receivable_money_num":"80,00.00",
        "payment_money_num":"55,00.00",
        "forfeit_money_num":"5,50.00",
        "forfeit_causation_text":"花猪5头，每头罚款100元"
      },
  {
    "list_num":"第四条",
    "total_weight_num":"20000KG",
    "delivery_num":"400头",
    "delivery_univalent_num":"¥18.86元/KG",
    "receivable_money_num":"80,00.00",
    "payment_money_num":"55,00.00",
    "forfeit_money_num":"5,50.00",
    "forfeit_causation_text":"花猪5头，每头罚款100元"
  },
  {
    "list_num":"第五条",
    "total_weight_num":"20000KG",
    "delivery_num":"400头",
    "delivery_univalent_num":"¥18.86元/KG",
    "receivable_money_num":"80,00.00",
    "payment_money_num":"55,00.00",
    "forfeit_money_num":"5,50.00",
    "forfeit_causation_text":"花猪5头，每头罚款100元"
  },
  {
    "list_num":"第六条",
    "total_weight_num":"20000KG",
    "delivery_num":"400头",
    "delivery_univalent_num":"¥18.86元/KG",
    "receivable_money_num":"80,00.00",
    "payment_money_num":"55,00.00",
    "forfeit_money_num":"5,50.00",
    "forfeit_causation_text":"花猪5头，每头罚款100元"
  },
  {
    "list_num":"第七条",
    "total_weight_num":"20000KG",
    "delivery_num":"400头",
    "delivery_univalent_num":"¥18.86元/KG",
    "receivable_money_num":"80,00.00",
    "payment_money_num":"55,00.00",
    "forfeit_money_num":"5,50.00",
    "forfeit_causation_text":"花猪5头，每头罚款100元"
  },
  {
    "list_num":"第八条",
    "total_weight_num":"20000KG",
    "delivery_num":"400头",
    "delivery_univalent_num":"¥18.86元/KG",
    "receivable_money_num":"80,00.00",
    "payment_money_num":"55,00.00",
    "forfeit_money_num":"5,50.00",
    "forfeit_causation_text":"花猪5头，每头罚款100元"
  },
  {
    "list_num":"第九条",
    "total_weight_num":"20000KG",
    "delivery_num":"400头",
    "delivery_univalent_num":"¥18.86元/KG",
    "receivable_money_num":"80,00.00",
    "payment_money_num":"55,00.00",
    "forfeit_money_num":"5,50.00",
    "forfeit_causation_text":"花猪5头，每头罚款100元"
  },
  {
    "list_num":"第十条",
    "total_weight_num":"20000KG",
    "delivery_num":"400头",
    "delivery_univalent_num":"¥18.86元/KG",
    "receivable_money_num":"80,00.00",
    "payment_money_num":"55,00.00",
    "forfeit_money_num":"5,50.00",
    "forfeit_causation_text":"花猪5头，每头罚款100元"
  },
  {
    "list_num":"第十一条",
    "total_weight_num":"20000KG",
    "delivery_num":"400头",
    "delivery_univalent_num":"¥18.86元/KG",
    "receivable_money_num":"80,00.00",
    "payment_money_num":"55,00.00",
    "forfeit_money_num":"5,50.00",
    "forfeit_causation_text":"花猪5头，每头罚款100元"
  },
  {
    "list_num":"第十二条",
    "total_weight_num":"20000KG",
    "delivery_num":"400头",
    "delivery_univalent_num":"¥18.86元/KG",
    "receivable_money_num":"80,00.00",
    "payment_money_num":"55,00.00",
    "forfeit_money_num":"5,50.00",
    "forfeit_causation_text":"花猪5头，每头罚款100元"
  },
  {
    "list_num":"第十三条",
    "total_weight_num":"20000KG",
    "delivery_num":"400头",
    "delivery_univalent_num":"¥18.86元/KG",
    "receivable_money_num":"80,00.00",
    "payment_money_num":"55,00.00",
    "forfeit_money_num":"5,50.00",
    "forfeit_causation_text":"花猪5头，每头罚款100元"
  },
  {
    "list_num":"第三条",
    "total_weight_num":"20000KG",
    "delivery_num":"400头",
    "delivery_univalent_num":"¥18.86元/KG",
    "receivable_money_num":"80,00.00",
    "payment_money_num":"55,00.00",
    "forfeit_money_num":"5,50.00",
    "forfeit_causation_text":"花猪5头，每头罚款100元"
  },
  {
    "list_num":"第十四条",
    "total_weight_num":"20000KG",
    "delivery_num":"400头",
    "delivery_univalent_num":"¥18.86元/KG",
    "receivable_money_num":"80,00.00",
    "payment_money_num":"55,00.00",
    "forfeit_money_num":"5,50.00",
    "forfeit_causation_text":"花猪5头，每头罚款100元"
  },

  {
    "list_num":"第十五条",
    "total_weight_num":"20000KG",
    "delivery_num":"400头",
    "delivery_univalent_num":"¥18.86元/KG",
    "receivable_money_num":"80,00.00",
    "payment_money_num":"55,00.00",
    "forfeit_money_num":"5,50.00",
    "forfeit_causation_text":"花猪5头，每头罚款100元"
  },
  {
    "list_num":"第十六条",
    "total_weight_num":"20000KG",
    "delivery_num":"400头",
    "delivery_univalent_num":"¥18.86元/KG",
    "receivable_money_num":"80,00.00",
    "payment_money_num":"55,00.00",
    "forfeit_money_num":"5,50.00",
    "forfeit_causation_text":"花猪5头，每头罚款100元"
  },
  {
    "list_num":"第十七条",
    "total_weight_num":"20000KG",
    "delivery_num":"400头",
    "delivery_univalent_num":"¥18.86元/KG",
    "receivable_money_num":"80,00.00",
    "payment_money_num":"55,00.00",
    "forfeit_money_num":"5,50.00",
    "forfeit_causation_text":"花猪5头，每头罚款100元"
  },
  {
    "list_num":"第十八条",
    "total_weight_num":"20000KG",
    "delivery_num":"400头",
    "delivery_univalent_num":"¥18.86元/KG",
    "receivable_money_num":"80,00.00",
    "payment_money_num":"55,00.00",
    "forfeit_money_num":"5,50.00",
    "forfeit_causation_text":"花猪5头，每头罚款100元"
  },
  {
    "list_num":"第十九条",
    "total_weight_num":"20000KG",
    "delivery_num":"400头",
    "delivery_univalent_num":"¥18.86元/KG",
    "receivable_money_num":"80,00.00",
    "payment_money_num":"55,00.00",
    "forfeit_money_num":"5,50.00",
    "forfeit_causation_text":"花猪5头，每头罚款100元"
  },
  {
    "list_num":"第二十条",
    "total_weight_num":"20000KG",
    "delivery_num":"400头",
    "delivery_univalent_num":"¥18.86元/KG",
    "receivable_money_num":"80,00.00",
    "payment_money_num":"55,00.00",
    "forfeit_money_num":"5,50.00",
    "forfeit_causation_text":"花猪5头，每头罚款100元"
  }
    ]

