{
  "success":true,
  "results":{
    "day01":[
      {
        "pig_icon":"./images/morentu.png",
        "farmName":"李四的猪场",
        "farmAddr":"江油市****县****乡",
        "pigType":"三元",
        "remainCount":"300",
        "infoFrom":"江油生猪交易圈"
      },{
        "pig_icon":"./images/morentu.png",
        "farmName":"李四的猪场1",
        "farmAddr":"江油市****县****乡",
        "pigType":"三元",
        "remainCount":"400",
        "infoFrom":"江油生猪交易圈"
      },{
        "pig_icon":"./images/morentu.png",
        "farmName":"李四的猪场2",
        "farmAddr":"江油市****县****乡",
        "pigType":"三元",
        "remainCount":"500",
        "infoFrom":"江油生猪交易圈"
      },{
        "pig_icon":"./images/morentu.png",
        "farmName":"李四的猪场3",
        "farmAddr":"江油市****县****乡",
        "pigType":"三元",
        "remainCount":"300",
        "infoFrom":"江油生猪交易圈"
      },{
        "pig_icon":"./images/morentu.png",
        "farmName":"李四的猪场4",
        "farmAddr":"江油市****县****乡",
        "pigType":"三元",
        "remainCount":"400",
        "infoFrom":"江油生猪交易圈"
      },{
        "pig_icon":"./images/morentu.png",
        "farmName":"李四的猪场5",
        "farmAddr":"江油市****县****乡",
        "pigType":"三元",
        "remainCount":"300",
        "infoFrom":"江油生猪交易圈"
      },{
        "pig_icon":"./images/morentu.png",
        "farmName":"李四的猪场6",
        "farmAddr":"江油市****县****乡",
        "pigType":"三元",
        "remainCount":"400",
        "infoFrom":"江油生猪交易圈"
      },{
        "pig_icon":"./images/morentu.png",
        "farmName":"李四的猪场7",
        "farmAddr":"江油市****县****乡",
        "pigType":"三元",
        "remainCount":"500",
        "infoFrom":"江油生猪交易圈"
      },{
        "pig_icon":"./images/morentu.png",
        "farmName":"李四的猪场8",
        "farmAddr":"江油市****县****乡",
        "pigType":"三元",
        "remainCount":"300",
        "infoFrom":"江油生猪交易圈"
      },{
        "pig_icon":"./images/morentu.png",
        "farmName":"李四的猪场9",
        "farmAddr":"江油市****县****乡",
        "pigType":"三元",
        "remainCount":"400",
        "infoFrom":"江油生猪交易圈"
      },{
        "pig_icon":"./images/morentu.png",
        "farmName":"李四的猪场10",
        "farmAddr":"江油市****县****乡",
        "pigType":"三元",
        "remainCount":"300",
        "infoFrom":"江油生猪交易圈"
      },{
        "pig_icon":"./images/morentu.png",
        "farmName":"李四的猪场11",
        "farmAddr":"江油市****县****乡",
        "pigType":"三元",
        "remainCount":"400",
        "infoFrom":"江油生猪交易圈"
      },{
        "pig_icon":"./images/morentu.png",
        "farmName":"李四的猪场12",
        "farmAddr":"江油市****县****乡",
        "pigType":"三元",
        "remainCount":"500",
        "infoFrom":"江油生猪交易圈"
      },{
        "pig_icon":"./images/morentu.png",
        "farmName":"李四的猪场13",
        "farmAddr":"江油市****县****乡",
        "pigType":"三元",
        "remainCount":"300",
        "infoFrom":"江油生猪交易圈"
      },{
        "pig_icon":"./images/morentu.png",
        "farmName":"李四的猪场14",
        "farmAddr":"江油市****县****乡",
        "pigType":"三元",
        "remainCount":"400",
        "infoFrom":"江油生猪交易圈"
      },{
        "pig_icon":"./images/morentu.png",
        "farmName":"李四的猪场15",
        "farmAddr":"江油市****县****乡",
        "pigType":"三元",
        "remainCount":"400",
        "infoFrom":"江油生猪交易圈"
      },{
        "pig_icon":"./images/morentu.png",
        "farmName":"李四的猪场16",
        "farmAddr":"江油市****县****乡",
        "pigType":"三元",
        "remainCount":"400",
        "infoFrom":"江油生猪交易圈"
      }
    ]
  }
}