{
  "success":true,
  "total":20,
  "results":{
    "day01":[
      {
        "pig_icon":"./images/morentu.png",
        "farmName":"绵阳三台希望猪场",
        "farmAddr":"四川省德阳三台",
        "price1":"18.86",
        "weight1":"110-110",
        "price2":"18.86",
        "weight2":"110-120",
        "price3":"18.86",
        "weight3":"120",
        "remainCount":"300",
        "saledCount":"100",
        "btn_state":"立即抢购"
      },
      {
        "pig_icon":"./images/morentu.png",
        "farmName":"绵阳三台希望猪场1",
        "farmAddr":"四川省德阳三台1",
        "price1":"18.86",
        "weight1":"110-110",
        "price2":"18.86",
        "weight2":"110-120",
        "price3":"18.86",
        "weight3":"120",
        "remainCount":"300",
        "saledCount":"100",
        "btn_state":"立即抢购"
      },
      {
        "pig_icon":"./images/morentu.png",
        "farmName":"绵阳三台希望猪场2",
        "farmAddr":"四川省德阳三台2",
        "price1":"18.86",
        "weight1":"110-110",
        "price2":"18.86",
        "weight2":"110-120",
        "price3":"18.86",
        "weight3":"120",
        "remainCount":"300",
        "saledCount":"100",
        "btn_state":"立即抢购"
      },
      {
        "pig_icon":"./images/morentu.png",
        "farmName":"绵阳三台希望猪场3",
        "farmAddr":"四川省德阳三台3",
        "price1":"18.86",
        "weight1":"110-110",
        "price2":"18.86",
        "weight2":"110-120",
        "price3":"18.86",
        "weight3":"120",
        "remainCount":"300",
        "saledCount":"100",
        "btn_state":"立即抢购"
      },
      {
        "pig_icon":"./images/morentu.png",
        "farmName":"绵阳三台希望猪场4",
        "farmAddr":"四川省德阳三台4",
        "price1":"18.86",
        "weight1":"110-110",
        "price2":"18.86",
        "weight2":"110-120",
        "price3":"18.86",
        "weight3":"120",
        "remainCount":"300",
        "saledCount":"100",
        "btn_state":"立即抢购"
      },
      {
        "pig_icon":"./images/morentu.png",
        "farmName":"绵阳三台希望猪场5",
        "farmAddr":"四川省德阳三台5",
        "price1":"18.86",
        "weight1":"110-110",
        "price2":"18.86",
        "weight2":"110-120",
        "price3":"18.86",
        "weight3":"120",
        "remainCount":"300",
        "saledCount":"100",
        "btn_state":"立即抢购"
      },
      {
        "pig_icon":"./images/morentu.png",
        "farmName":"绵阳三台希望猪场6",
        "farmAddr":"四川省德阳三台6",
        "price1":"18.86",
        "weight1":"110-110",
        "price2":"18.86",
        "weight2":"110-120",
        "price3":"18.86",
        "weight3":"120",
        "remainCount":"300",
        "saledCount":"100",
        "btn_state":"立即抢购"
      },
      {
        "pig_icon":"./images/morentu.png",
        "farmName":"绵阳三台希望猪场7",
        "farmAddr":"四川省德阳三台7",
        "price1":"18.86",
        "weight1":"110-110",
        "price2":"18.86",
        "weight2":"110-120",
        "price3":"18.86",
        "weight3":"120",
        "remainCount":"300",
        "saledCount":"100",
        "btn_state":"立即抢购"
      },
      {
        "pig_icon":"./images/morentu.png",
        "farmName":"绵阳三台希望猪场8",
        "farmAddr":"四川省德阳三台8",
        "price1":"18.86",
        "weight1":"110-110",
        "price2":"18.86",
        "weight2":"110-120",
        "price3":"18.86",
        "weight3":"120",
        "remainCount":"300",
        "saledCount":"100",
        "btn_state":"立即抢购"
      },
      {
        "pig_icon":"./images/morentu.png",
        "farmName":"绵阳三台希望猪场9",
        "farmAddr":"四川省德阳三台9",
        "price1":"18.86",
        "weight1":"110-110",
        "price2":"18.86",
        "weight2":"110-120",
        "price3":"18.86",
        "weight3":"120",
        "remainCount":"300",
        "saledCount":"100",
        "btn_state":"立即抢购"
      },
      {
        "pig_icon":"./images/morentu.png",
        "farmName":"绵阳三台希望猪场10",
        "farmAddr":"四川省德阳三台10",
        "price1":"18.86",
        "weight1":"110-110",
        "price2":"18.86",
        "weight2":"110-120",
        "price3":"18.86",
        "weight3":"120",
        "remainCount":"300",
        "saledCount":"100",
        "btn_state":"立即抢购"
      },
      {
        "pig_icon":"./images/morentu.png",
        "farmName":"绵阳三台希望猪场11",
        "farmAddr":"四川省德阳三台11",
        "price1":"18.86",
        "weight1":"110-110",
        "price2":"18.86",
        "weight2":"110-120",
        "price3":"18.86",
        "weight3":"120",
        "remainCount":"300",
        "saledCount":"100",
        "btn_state":"立即抢购"
      },
      {
        "pig_icon":"./images/morentu.png",
        "farmName":"绵阳三台希望猪场12",
        "farmAddr":"四川省德阳三台12",
        "price1":"18.86",
        "weight1":"110-110",
        "price2":"18.86",
        "weight2":"110-120",
        "price3":"18.86",
        "weight3":"120",
        "remainCount":"300",
        "saledCount":"100",
        "btn_state":"立即抢购"
      },
      {
        "pig_icon":"./images/morentu.png",
        "farmName":"绵阳三台希望猪场13",
        "farmAddr":"四川省德阳三台13",
        "price1":"18.86",
        "weight1":"110-110",
        "price2":"18.86",
        "weight2":"110-120",
        "price3":"18.86",
        "weight3":"120",
        "remainCount":"300",
        "saledCount":"100",
        "btn_state":"立即抢购"
      }
    ]
  }
}